-- Supabase/Postgres schema for JMKos.
-- Based on the provided MySQL dump, adjusted for Postgres syntax and browser-safe REST access.

create table if not exists public.pemilik (
  id_pemilik varchar(10) primary key,
  nama_pemilik varchar(50),
  telepon varchar(15)
);

create table if not exists public.kamar (
  id_kamar varchar(10) primary key,
  id_pemilik varchar(10) references public.pemilik(id_pemilik) on update cascade,
  nomor_kamar varchar(10),
  harga_sewa integer default 0,
  status varchar(20) default 'Kosong' check (status in ('Kosong', 'Terisi'))
);

create table if not exists public.penyewa (
  id_penyewa varchar(10) primary key,
  id_kamar varchar(10) references public.kamar(id_kamar) on update cascade on delete set null,
  nama_penyewa varchar(50),
  no_hp varchar(15),
  tanggal_masuk date
);

create table if not exists public.pembayaran (
  id_pembayaran varchar(10) primary key,
  id_penyewa varchar(10) references public.penyewa(id_penyewa) on update cascade on delete cascade,
  jumlah_bayar integer default 0,
  tanggal_bayar date,
  status_bayar varchar(20) default 'Belum Bayar' check (status_bayar in ('Lunas', 'Belum Bayar'))
);

create table if not exists public.log_pembayaran (
  id_log bigint generated by default as identity primary key,
  id_pembayaran varchar(10),
  aksi varchar(20),
  waktu timestamptz default now()
);

create or replace function public.sync_kamar_status()
returns trigger
language plpgsql
as $$
begin
  update public.kamar
  set status = case
    when exists (
      select 1 from public.penyewa
      where penyewa.id_kamar = kamar.id_kamar
    )
    then 'Terisi'
    else 'Kosong'
  end;

  return null;
end;
$$;

drop trigger if exists after_penyewa_change on public.penyewa;
create trigger after_penyewa_change
after insert or update or delete on public.penyewa
for each statement execute function public.sync_kamar_status();

create or replace function public.log_after_insert_pembayaran()
returns trigger
language plpgsql
as $$
begin
  insert into public.log_pembayaran (id_pembayaran, aksi, waktu)
  values (new.id_pembayaran, 'Pembayaran Masuk', now());

  return new;
end;
$$;

drop trigger if exists after_insert_pembayaran on public.pembayaran;
create trigger after_insert_pembayaran
after insert on public.pembayaran
for each row execute function public.log_after_insert_pembayaran();

create or replace function public.cek_status_penyewa(p_id_penyewa varchar)
returns varchar
language sql
stable
as $$
  select case
    when exists (
      select 1
      from public.pembayaran
      where id_penyewa = p_id_penyewa
        and status_bayar = 'Belum Bayar'
    )
    then 'Nunggak'
    else 'Lunas'
  end;
$$;

create or replace function public.total_pendapatan(p_bulan integer, p_tahun integer)
returns integer
language sql
stable
as $$
  select coalesce(sum(jumlah_bayar), 0)::integer
  from public.pembayaran
  where extract(month from tanggal_bayar)::integer = p_bulan
    and extract(year from tanggal_bayar)::integer = p_tahun
    and status_bayar = 'Lunas';
$$;

alter table public.pemilik enable row level security;
alter table public.kamar enable row level security;
alter table public.penyewa enable row level security;
alter table public.pembayaran enable row level security;
alter table public.log_pembayaran enable row level security;

-- Development policy: authenticated users can manage all kos data.
-- For multi-owner production apps, replace this with owner/user_id scoped policies.
create policy "authenticated read pemilik" on public.pemilik
  for select to authenticated using (true);
create policy "authenticated manage pemilik" on public.pemilik
  for all to authenticated using (true) with check (true);

create policy "authenticated read kamar" on public.kamar
  for select to authenticated using (true);
create policy "authenticated manage kamar" on public.kamar
  for all to authenticated using (true) with check (true);

create policy "authenticated read penyewa" on public.penyewa
  for select to authenticated using (true);
create policy "authenticated manage penyewa" on public.penyewa
  for all to authenticated using (true) with check (true);

create policy "authenticated read pembayaran" on public.pembayaran
  for select to authenticated using (true);
create policy "authenticated manage pembayaran" on public.pembayaran
  for all to authenticated using (true) with check (true);

create policy "authenticated read log_pembayaran" on public.log_pembayaran
  for select to authenticated using (true);

insert into public.pemilik (id_pemilik, nama_pemilik, telepon) values
  ('PM001', 'Bu Siti', '081234567890'),
  ('PM002', 'Pak Joko', '082345678901')
on conflict (id_pemilik) do update
set nama_pemilik = excluded.nama_pemilik,
    telepon = excluded.telepon;

insert into public.kamar (id_kamar, id_pemilik, nomor_kamar, harga_sewa, status) values
  ('K001', 'PM001', '101', 600000, 'Terisi'),
  ('K002', 'PM001', '102', 600000, 'Terisi'),
  ('K003', 'PM002', '201', 750000, 'Terisi'),
  ('K004', 'PM002', '202', 750000, 'Kosong')
on conflict (id_kamar) do update
set id_pemilik = excluded.id_pemilik,
    nomor_kamar = excluded.nomor_kamar,
    harga_sewa = excluded.harga_sewa,
    status = excluded.status;

insert into public.penyewa (id_penyewa, id_kamar, nama_penyewa, no_hp, tanggal_masuk) values
  ('PN001', 'K001', 'Andi', '081111111111', '2026-01-10'),
  ('PN002', 'K003', 'Budi', '082222222222', '2026-02-15'),
  ('PN003', 'K002', 'Citra', '083333333333', '2026-06-01')
on conflict (id_penyewa) do update
set id_kamar = excluded.id_kamar,
    nama_penyewa = excluded.nama_penyewa,
    no_hp = excluded.no_hp,
    tanggal_masuk = excluded.tanggal_masuk;

insert into public.pembayaran (id_pembayaran, id_penyewa, jumlah_bayar, tanggal_bayar, status_bayar) values
  ('PB001', 'PN001', 600000, '2026-05-01', 'Lunas'),
  ('PB002', 'PN001', 600000, '2026-06-01', 'Lunas'),
  ('PB003', 'PN002', 750000, '2026-05-15', 'Lunas'),
  ('PB004', 'PN002', 0, '2026-06-15', 'Belum Bayar'),
  ('PB005', 'PN003', 600000, '2026-06-05', 'Lunas'),
  ('PB006', 'PN003', 600000, '2026-07-01', 'Lunas')
on conflict (id_pembayaran) do update
set id_penyewa = excluded.id_penyewa,
    jumlah_bayar = excluded.jumlah_bayar,
    tanggal_bayar = excluded.tanggal_bayar,
    status_bayar = excluded.status_bayar;
